-- Вставка даних у таблицю Автори
INSERT INTO Автори (АвторID, "Ім'я", Прізвище, Дата_народження) VALUES
(1, 'Леся', 'Українка', '1871-02-25'),
(2, 'Іван', 'Франко', '1856-08-27'),
(3, 'Тарас', 'Шевченко', '1814-03-09'),
(4, 'Михайло', 'Коцюбинський', '1864-09-17'),
(5, 'Ольга', 'Кобилянська', '1863-11-27'),
(6, 'Пантелеймон', 'Куліш', '1819-08-07'),
(7, 'Марко', 'Вовчок', '1833-12-22'),
(8, 'Іван', 'Котляревський', '1769-09-09'),
(9, 'Григорій', 'Сковорода', '1722-12-03'),
(10, 'Борис', 'Грінченко', '1863-12-09'),
(11, 'Василь', 'Стефаник', '1871-05-14'),
(12, 'Юрій', 'Федькович', '1834-08-06'),
(13, 'Осип', 'Маковей', '1867-01-30'),
(14, 'Наталена', 'Королева', '1908-02-05'),
(15, 'Микола', 'Хвильовий', '1893-12-13'),
(16, 'Ліна', 'Костенко', '1930-03-19');

-- Вставка даних у таблицю Книги
INSERT INTO Книги (КнигаID, Назва, Рік_видання, АвторID) VALUES
(17, 'Лісова пісня', 1912, 1),
(18, 'Захар Беркут', 1883, 2),
(19, 'Кобзар', 1840, 3),
(20, 'Тіні забутих предків', 1911, 4),
(21, 'Земля', 1902, 5),
(22, 'Чорна рада', 1857, 6),
(23, 'Маруся Чурай', 1934, 7),
(24, 'Енеїда', 1798, 8),
(25, 'Бджола та Шершень', 1772, 9),
(26, 'Кайдашева сім’я', 1896, 10),
(27, 'Камінний хрест', 1900, 11),
(28, 'Чорна рада', 1857, 12),
(29, 'На рубежі', 1897, 13),
(30, 'Блакитна панна', 1933, 14),
(31, 'Мати', 1924, 15),
(32, 'Маруся Чурай', 1979, 16);

-- Вставка даних у таблицю Читачі
INSERT INTO Читачі (ЧитачID, "Ім'я", Прізвище, Телефон, Email, Дата_реєстрації) VALUES
(33, 'Олександр', 'Коваленко', '380501234567', 'oleksandr.k@example.com', '2024-01-15'),
(34, 'Марія', 'Петренко', '380507654321', 'maria.p@example.com', '2024-02-20'),
(35, 'Василь', 'Іванчук', '380509876543', 'vasyl.i@example.com', '2024-03-05'),
(36, 'Ірина', 'Сидоренко', '380502345678', 'iryna.s@example.com', '2024-03-28'),
(37, 'Анатолій', 'Мельник', '380503456789', 'anatoliy.m@example.com', '2024-04-12'),
(38, 'Тетяна', 'Кравчук', '380504567890', 'tetiana.k@example.com', '2024-04-26'),
(39, 'Сергій', 'Ткаченко', '380505678901', 'sergiy.t@example.com', '2024-05-10'),
(40, 'Олена', 'Бондаренко', '380506789012', 'olena.b@example.com', '2024-05-24'),
(41, 'Дмитро', 'Гончаренко', '380507890123', 'dmytro.g@example.com', '2024-06-07'),
(42, 'Наталія', 'Шевченко', '380508901234', 'natalia.s@example.com', '2024-06-21');

-- Вставка даних у таблицю Видача
INSERT INTO Видача (ВидачаID, ЧитачID, КнигаID, Дата_видачі, Дата_повернення) VALUES
(1, 41, 21, '2024-04-01', '2024-04-15'),
(2, 33, 20, '2024-04-02', '2024-04-16'),
(3, 38, 30, '2024-04-03', '2024-04-17'),
(4, 40, 24, '2024-04-04', '2024-04-18'),
(5, 35, 18, '2024-04-05', '2024-04-19'),
(6, 36, 26, '2024-04-06', '2024-04-20'),
(7, 42, 17, '2024-04-07', '2024-04-21'),
(8, 38, 32, '2024-04-08', '2024-04-22'),
(9, 37, 29, '2024-04-09', '2024-04-23'),
(10, 40, 19, '2024-04-10', '2024-04-24'),
(11, 39, 31, '2024-04-11', '2024-04-25'),
(12, 34, 28, '2024-04-12', '2024-04-26'),
(13, 41, 23, '2024-04-13', '2024-04-27');

-- ... (додати решту рядків за потребою)

-- Вставка даних у таблицю Жанри
INSERT INTO Жанри (ЖанрID, Назва) VALUES
(1, 'Поезія'),
(2, 'Роман'),
(3, 'Новела'),
(4, 'Фантастика'),
(5, 'Фентезі'),
(6, 'Детектив'),
(7, 'Біографія'),
(8, 'Історичний'),
(9, 'Наукова література'),
(10, 'Дитяча література');

-- Вставка даних у таблицю Книги_Жанри
INSERT INTO Книги_Жанри (КнигаID, ЖанрID) VALUES
(17, 8), 
(18, 8), 
(19, 1), 
(20, 8),
(21, 8),
(22, 8), 
(23, 2), 
(24, 3),
(25, 9), 
(26, 2),
(27, 8), 
(28, 8),
(29, 2),
(30, 5),
(31, 7),
(32, 2);

-- Вставка даних у таблицю Видавництва
INSERT INTO Видавництва (ВидавництвоID, Назва, Адреса) VALUES
(1, 'А-БА-БА-ГА-ЛА-МА-ГА', 'Київ, Україна'),
(2, 'Фоліо', 'Харків, Україна'),
(3, 'Знання', 'Львів, Україна'),
(4, 'Юніверс', 'Одеса, Україна'),
(5, 'Лілея-НВ', 'Івано-Франківськ, Україна'),
(6, 'Кальварія', 'Вінниця, Україна'),
(7, 'Темпора', 'Ужгород, Україна'),
(8, 'Грані-Т', 'Кіровоград, Україна'),
(9, 'Каменяр', 'Луцьк, Україна'),
(10, 'Смолоскип', 'Миколаїв, Україна'),
(11, 'Діокор', 'Дніпро, Україна'),
(12, 'Академія', 'Полтава, Україна'),
(13, 'Веселка', 'Чернігів, Україна'),
(14, 'Книга-Плюс', 'Житомир, Україна'),
(15, 'Просвіта', 'Суми, Україна');

-- Вставка даних у таблицю Книги_Видавництва
INSERT INTO Книги_Видавництва (КнигаID, ВидавництвоID) VALUES
(17, 1),
(18, 2),
(19, 3),
(20, 4),
(21, 5),
(22, 6),
(23, 7),
(24, 8),
(25, 9),
(26, 10),
(27, 11),
(28, 12),
(29, 13),
(30, 14),
(31, 15),
(32, 1);

-- Вставка даних у таблицю Працівники
INSERT INTO Працівники (ПрацівникID, "Ім'я", Прізвище, Посада, Зарплата) VALUES
(1, 'Ірина', 'Бондаренко', 'Бібліотекар', 8000.00),
(2, 'Дмитро', 'Гусєв', 'Адміністратор', 8500.00),
(3, 'Олена', 'Кравчук', 'Керівник', 12000.00),
(4, 'Андрій', 'Шевченко', 'Менеджер', 9500.00),
(5, 'Марія', 'Коваленко', 'Бухгалтер', 10000.00),
(6, 'Василь', 'Лисенко', 'Аналітик', 11000.00),
(7, 'Катерина', 'Захарченко', 'HR', 9000.00),
(8, 'Олександр', 'Петров', 'IT спеціаліст', 15000.00),
(9, 'Людмила', 'Сидоренко', 'Маркетолог', 13000.00),
(10, 'Валера', 'Симоненко', 'Бібліотекар', 8000.00);

-- Вставка даних у таблицю Розташування
INSERT INTO Розташування (РозташуванняID, Назва, Опис) VALUES
(1, 'Читальний зал', 'Зал для читання та роботи з книгами'),
(2, 'Абонемент', 'Видача книг на домашнє читання'),
(3, 'Дитячий відділ', 'Відділ для дітей та їх батьків'),
(4, 'Конференц-зал', 'Зал для проведення зустрічей та конференцій'),
(5, 'Архів', 'Зберігання рідкісних та історичних видань'),
(6, 'Відділ періодики', 'Відділ газет та журналів'),
(7, 'Комп’ютерний зал', 'Зал з доступом до Інтернету та комп’ютерним обладнанням'),
(8, 'Відділ іноземної літератури', 'Книги та періодика на іноземних мовах'),
(9, 'Кафе-книгарня', 'Місце для читання та відпочинку з кавою'),
(10, 'Зона відпочинку', 'Місце для релаксації та неформального спілкування');
